{
  "projectType": [
    "com.watt.common.builder.sapui5clientbuild",
    "sap.watt.uitools.ide.fiori"
  ],
  "build": {
    "targetFolder": "dist",
    "sourceFolder": "webapp",
    "buildRequired": false,
    "lastBuildDateTime": "Wed, 27 Dec 2017 13:50:14 GMT"
  },
  "generation": [
    {
      "templateId": "fioriexttemplate.extensionProject",
      "templateVersion": "1.4.0",
      "dateTimeStamp": "Tue, 07 Nov 2017 10:32:13 GMT"
    }
  ],
  "extensibility": {
    "controllers": {
      "display": "GRCAUD%2fWebContent%2fgrcaud%2fworkpaper%2fdetection%2fdisplay.controller.js",
      "edit": "GRCAUD%2fWebContent%2fgrcaud%2fresource%2fteam%2fedit.controller.js",
      "listPage": "GRCAUD%2fWebContent%2fgrcaud%2frisk%2flistPage.controller.js",
      "dimensionToBeAssigned": "GRCAUD%2fWebContent%2fgrcaud%2faudit%2fdimensionToBeAssigned.controller.js",
      "generalInformation": "GRCAUD%2fWebContent%2fgrcaud%2faudit%2fedit%2fgeneralInformation.controller.js",
      "organizationToBeAssigned": "GRCAUD%2fWebContent%2fgrcaud%2faudit%2forganizationToBeAssigned.controller.js",
      "riskTableView": "GRCAUD%2fWebContent%2fgrcaud%2faudit%2friskTableView.controller.js",
      "riskToBeAssignedToAudit": "GRCAUD%2fWebContent%2fgrcaud%2faudit%2friskToBeAssignedToAudit.controller.js",
      "simple": "GRCAUD%2fWebContent%2fgrcaud%2fcdf%2fsimple.controller.js",
      "auditPlan": "GRCAUD%2fWebContent%2fgrcaud%2faudit_plan%2fauditPlan.controller.js",
      "audit_plan_add_auditable_items": "GRCAUD%2fWebContent%2fgrcaud%2faudit_plan%2faudit_plan_add_auditable_items.controller.js",
      "audit_plan_add_audits": "GRCAUD%2fWebContent%2fgrcaud%2faudit_plan%2faudit_plan_add_audits.controller.js",
      "audit_plan_add_risks": "GRCAUD%2fWebContent%2fgrcaud%2faudit_plan%2faudit_plan_add_risks.controller.js",
      "coveredAudItemList": "GRCAUD%2fWebContent%2fgrcaud%2faudit_plan%2fcoveredAudItemList.controller.js",
      "coveredAuditList": "GRCAUD%2fWebContent%2fgrcaud%2faudit_plan%2fcoveredAuditList.controller.js",
      "createAuditPlan": "GRCAUD%2fWebContent%2fgrcaud%2faudit_plan%2fcreateAuditPlan.controller.js",
      "generalInfo": "GRCAUD%2fWebContent%2fgrcaud%2faudit_plan%2fgeneralInfo.controller.js",
      "calendar": "GRCAUD%2fWebContent%2fgrcaud%2fdemo%2fcalendar.controller.js",
      "App": "GRCAUD%2fWebContent%2fgrcaud%2fcommon%2fApp.controller.js",
      "assignTeamMember": "GRCAUD%2fWebContent%2fgrcaud%2fcommon%2fassignTeamMember.controller.js",
      "home": "GRCAUD%2fWebContent%2fgrcaud%2fcommon%2fhome.controller.js",
      "program": "GRCAUD%2fWebContent%2fgrcaud%2fcommon%2fprogram.controller.js",
      "splitApp": "GRCAUD%2fWebContent%2fgrcaud%2fcommon%2fsplitApp.controller.js",
      "teamMember": "GRCAUD%2fWebContent%2fgrcaud%2faudit%2fedit%2fteamMember.controller.js",
      "generate": "GRCAUD%2fWebContent%2fgrcaud%2freport%2fgenerate.controller.js",
      "list": "GRCAUD%2fWebContent%2fgrcaud%2fresource%2fteam%2flist.controller.js",
      "detailPage": "GRCAUD%2fWebContent%2fgrcaud%2frisk%2fdetailPage.controller.js",
      "displayFindings": "GRCAUD%2fWebContent%2fgrcaud%2fcontrol%2fdisplayFindings.controller.js",
      "displayInfo": "GRCAUD%2fWebContent%2fgrcaud%2frisk%2fdisplayInfo.controller.js",
      "displayRisks": "GRCAUD%2fWebContent%2fgrcaud%2fcontrol%2fdisplayRisks.controller.js",
      "displayTestHistory": "GRCAUD%2fWebContent%2fgrcaud%2fcontrol%2fdisplayTestHistory.controller.js",
      "listToBeImported": "GRCAUD%2fWebContent%2fgrcaud%2frisk%2flistToBeImported.controller.js",
      "childDimension": "GRCAUD%2fWebContent%2fgrcaud%2fdimension%2fchildDimension.controller.js",
      "create": "GRCAUD%2fWebContent%2fgrcaud%2fworkpaper%2fcreate.controller.js",
      "detail": "GRCAUD%2fWebContent%2fgrcaud%2fworkpaper%2fdetail.controller.js",
      "dimension_add_risk": "GRCAUD%2fWebContent%2fgrcaud%2fdimension%2fdimension_add_risk.controller.js",
      "kri": "GRCAUD%2fWebContent%2fgrcaud%2fdimension%2fkri.controller.js",
      "controlToBeAssignedToScope": "GRCAUD%2fWebContent%2fgrcaud%2fscope%2fcontrolToBeAssignedToScope.controller.js",
      "displayScope": "GRCAUD%2fWebContent%2fgrcaud%2fscope%2fdisplayScope.controller.js",
      "prepareScope": "GRCAUD%2fWebContent%2fgrcaud%2fscope%2fprepareScope.controller.js",
      "previewScope": "GRCAUD%2fWebContent%2fgrcaud%2fscope%2fpreviewScope.controller.js",
      "riskToBeAssignedToScope": "GRCAUD%2fWebContent%2fgrcaud%2fscope%2friskToBeAssignedToScope.controller.js",
      "scopeDetails": "GRCAUD%2fWebContent%2fgrcaud%2fscope%2fscopeDetails.controller.js",
      "scopeEditInfo": "GRCAUD%2fWebContent%2fgrcaud%2fscope%2fscopeEditInfo.controller.js",
      "templateList": "GRCAUD%2fWebContent%2fgrcaud%2fscope%2ftemplateList.controller.js",
      "displayAnalysis": "GRCAUD%2fWebContent%2fgrcaud%2frisk%2fdisplayAnalysis.controller.js",
      "displayControls": "GRCAUD%2fWebContent%2fgrcaud%2frisk%2fdisplayControls.controller.js",
      "displayKriInstances": "GRCAUD%2fWebContent%2fgrcaud%2frisk%2fdisplayKriInstances.controller.js",
      "controlsToBeAssignedToTask": "GRCAUD%2fWebContent%2fgrcaud%2ftask%2fcontrolsToBeAssignedToTask.controller.js",
      "displayDetectionTask": "GRCAUD%2fWebContent%2fgrcaud%2ftask%2fdisplayDetectionTask.controller.js",
      "displayProcedureStep": "GRCAUD%2fWebContent%2fgrcaud%2ftask%2fdisplayProcedureStep.controller.js",
      "displayQuestionProcedure": "GRCAUD%2fWebContent%2fgrcaud%2ftask%2fdisplayQuestionProcedure.controller.js",
      "displayTestProcedure": "GRCAUD%2fWebContent%2fgrcaud%2ftask%2fdisplayTestProcedure.controller.js",
      "findingToBeAssignedToProcedure": "GRCAUD%2fWebContent%2fgrcaud%2ftask%2ffindingToBeAssignedToProcedure.controller.js",
      "maintainDetectionTask": "GRCAUD%2fWebContent%2fgrcaud%2ftask%2fmaintainDetectionTask.controller.js",
      "maintainProcedureStep": "GRCAUD%2fWebContent%2fgrcaud%2ftask%2fmaintainProcedureStep.controller.js",
      "maintainQuestionProcedure": "GRCAUD%2fWebContent%2fgrcaud%2ftask%2fmaintainQuestionProcedure.controller.js",
      "maintainTestProcedure": "GRCAUD%2fWebContent%2fgrcaud%2ftask%2fmaintainTestProcedure.controller.js",
      "wpToBeAssignedToTask": "GRCAUD%2fWebContent%2fgrcaud%2ftask%2fwpToBeAssignedToTask.controller.js",
      "InitiateAudit": "GRCAUD%2fWebContent%2fgrcaud%2ftiles%2fInitiateAudit.controller.js",
      "allAudits": "GRCAUD%2fWebContent%2fgrcaud%2ftiles%2fallAudits.controller.js",
      "approveAuditReport": "GRCAUD%2fWebContent%2fgrcaud%2ftiles%2fapproveAuditReport.controller.js",
      "approveWorkProgram": "GRCAUD%2fWebContent%2fgrcaud%2ftiles%2fapproveWorkProgram.controller.js",
      "archivedAuditPlans": "GRCAUD%2fWebContent%2fgrcaud%2ftiles%2farchivedAuditPlans.controller.js",
      "controlLibrary": "GRCAUD%2fWebContent%2fgrcaud%2ftiles%2fcontrolLibrary.controller.js",
      "createAudit": "GRCAUD%2fWebContent%2fgrcaud%2ftiles%2fcreateAudit.controller.js",
      "create_aud_item_small": "GRCAUD%2fWebContent%2fgrcaud%2ftiles%2fcreate_aud_item_small.controller.js",
      "create_audit_plan_small": "GRCAUD%2fWebContent%2fgrcaud%2ftiles%2fcreate_audit_plan_small.controller.js",
      "demoCalendar": "GRCAUD%2fWebContent%2fgrcaud%2ftiles%2fdemoCalendar.controller.js",
      "dimensions": "GRCAUD%2fWebContent%2fgrcaud%2ftiles%2fdimensions.controller.js",
      "displayHistoricalActions": "GRCAUD%2fWebContent%2fgrcaud%2ftiles%2fdisplayHistoricalActions.controller.js",
      "displayReleasedAuditPlan": "GRCAUD%2fWebContent%2fgrcaud%2ftiles%2fdisplayReleasedAuditPlan.controller.js",
      "distributeAuditReport": "GRCAUD%2fWebContent%2fgrcaud%2ftiles%2fdistributeAuditReport.controller.js",
      "list_aud_item_small": "GRCAUD%2fWebContent%2fgrcaud%2ftiles%2flist_aud_item_small.controller.js",
      "maintain_audit_plan_small": "GRCAUD%2fWebContent%2fgrcaud%2ftiles%2fmaintain_audit_plan_small.controller.js",
      "openFindings": "GRCAUD%2fWebContent%2fgrcaud%2ftiles%2fopenFindings.controller.js",
      "openFindingsChart": "GRCAUD%2fWebContent%2fgrcaud%2ftiles%2fopenFindingsChart.controller.js",
      "organizations": "GRCAUD%2fWebContent%2fgrcaud%2ftiles%2forganizations.controller.js",
      "prepareWorkProgram": "GRCAUD%2fWebContent%2fgrcaud%2ftiles%2fprepareWorkProgram.controller.js",
      "resourceManagement": "GRCAUD%2fWebContent%2fgrcaud%2ftiles%2fresourceManagement.controller.js",
      "riskRegister": "GRCAUD%2fWebContent%2fgrcaud%2ftiles%2friskRegister.controller.js",
      "trackOngoingAudits": "GRCAUD%2fWebContent%2fgrcaud%2ftiles%2ftrackOngoingAudits.controller.js",
      "trackOpenActions": "GRCAUD%2fWebContent%2fgrcaud%2ftiles%2ftrackOpenActions.controller.js",
      "userProfile": "GRCAUD%2fWebContent%2fgrcaud%2ftiles%2fuserProfile.controller.js",
      "workInbox": "GRCAUD%2fWebContent%2fgrcaud%2ftiles%2fworkInbox.controller.js",
      "common": "GRCAUD%2fWebContent%2fgrcaud%2fcontrol%2fnew%2fcommon.controller.js",
      "displayQualifications": "GRCAUD%2fWebContent%2fgrcaud%2fresource%2fdisplayQualifications.controller.js",
      "user": "GRCAUD%2fWebContent%2fgrcaud%2fresource%2fuser.controller.js",
      "assignAuditableItems": "GRCAUD%2fWebContent%2fgrcaud%2faudit%2fedit%2fassignAuditableItems.controller.js",
      "auditableItemsList": "GRCAUD%2fWebContent%2fgrcaud%2faudit%2fedit%2fauditableItemsList.controller.js",
      "myAuditInitialPage": "GRCAUD%2fWebContent%2fgrcaud%2fcommon%2fhome%2fmyAuditInitialPage.controller.js",
      "tiles": "GRCAUD%2fWebContent%2fgrcaud%2fcommon%2fhome%2ftiles.controller.js",
      "assignRisks": "GRCAUD%2fWebContent%2fgrcaud%2fcontrol%2fedit%2fassignRisks.controller.js",
      "risksList": "GRCAUD%2fWebContent%2fgrcaud%2fcontrol%2fedit%2frisksList.controller.js",
      "info": "GRCAUD%2fWebContent%2fgrcaud%2frisk%2fedit%2finfo.controller.js",
      "analysis": "GRCAUD%2fWebContent%2fgrcaud%2frisk%2fedit%2fanalysis.controller.js",
      "assignControls": "GRCAUD%2fWebContent%2fgrcaud%2frisk%2fedit%2fassignControls.controller.js"
    },
    "views": {
      "display": "GRCAUD%2fWebContent%2fgrcaud%2fkriInstance%2fdisplay.view.xml",
      "childDimension": "GRCAUD%2fWebContent%2fgrcaud%2fdimension%2fchildDimension.view.xml",
      "kri": "GRCAUD%2fWebContent%2fgrcaud%2fdimension%2fkri.view.xml",
      "displayKriInstances": "GRCAUD%2fWebContent%2fgrcaud%2frisk%2fdisplayKriInstances.view.xml",
      "displayQualifications": "GRCAUD%2fWebContent%2fgrcaud%2fresource%2fdisplayQualifications.view.xml"
    },
    "fragments": {
      "action": "GRCAUD%2fWebContent%2fgrcaud%2factivityHistory%2faction.fragment.xml",
      "actionLog": "GRCAUD%2fWebContent%2fgrcaud%2factivityHistory%2factionLog.fragment.xml",
      "announcement": "GRCAUD%2fWebContent%2fgrcaud%2factivityHistory%2fannouncement.fragment.xml",
      "audit": "GRCAUD%2fWebContent%2fgrcaud%2factivityHistory%2faudit.fragment.xml",
      "auditPlanAsmntAdd": "GRCAUD%2fWebContent%2fgrcaud%2factivityHistory%2fauditPlanAsmntAdd.fragment.xml",
      "auditPlanAsmntRemove": "GRCAUD%2fWebContent%2fgrcaud%2factivityHistory%2fauditPlanAsmntRemove.fragment.xml",
      "auditReport": "GRCAUD%2fWebContent%2fgrcaud%2factivityHistory%2fauditReport.fragment.xml",
      "find": "GRCAUD%2fWebContent%2fgrcaud%2factivityHistory%2ffind.fragment.xml",
      "findIssue": "GRCAUD%2fWebContent%2fgrcaud%2factivityHistory%2ffindIssue.fragment.xml",
      "procedure": "GRCAUD%2fWebContent%2fgrcaud%2factivityHistory%2fprocedure.fragment.xml",
      "procedureLog": "GRCAUD%2fWebContent%2fgrcaud%2factivityHistory%2fprocedureLog.fragment.xml",
      "userRoleLog": "GRCAUD%2fWebContent%2fgrcaud%2factivityHistory%2fuserRoleLog.fragment.xml",
      "assignedTable": "GRCAUD%2fWebContent%2fgrcaud%2fdimension%2fassignedTable.fragment.xml",
      "kri_addDialog": "GRCAUD%2fWebContent%2fgrcaud%2fdimension%2fkri_addDialog.fragment.xml",
      "addKriInstance": "GRCAUD%2fWebContent%2fgrcaud%2frisk%2faddKriInstance.fragment.xml",
      "addQualification": "GRCAUD%2fWebContent%2fgrcaud%2fresource%2faddQualification.fragment.xml"
    },
    "type": "abaprep",
    "component": "GRCAUD%2fWebContent%2fgrcaud%2fcommon%2fComponent.js",
    "system": {
      "name": "FAD",
      "proxyUrlPrefix": "/webidedispatcher/destinations/FAD",
      "sapClient": "100  "
    },
    "BSPName": "GRCAUD",
    "namespace": "grcaud.common",
    "resourceBundle": "",
    "parentResourceRootUrl": "/destinations/FAD/sap/bc/ui5_ui5/sap/GRCAUD/WebContent/grcaud/common"
  },
  "translation": {
    "translationDomain": "",
    "supportedLanguages": "en,fr,de",
    "defaultLanguage": "en",
    "defaultI18NPropertyFile": "i18n.properties",
    "resourceModelName": "i18n"
  },
  "deploy": {
    "destination": "FAD",
    "name": "ZGRCAUD"
  }
}